FirstName,LastName,Email,Company Email
John,Doe,john.doe@gmail.com,john.doe@lattice-engines.com
John,Doe,john.doe@gmail.com,john.doe@lattice-engines.com
John,Doe,john.doe@gmail.com,john.doe@lattice-engines.com
John,Doe,john.doe@gmail.com,john.doe@lattice-engines.com
John,Doe,john.doe@gmail.com,john.doe@lattice-engines.com
John,Doe,john.doe@gmail.com,john.doe@lattice-engines.com
John,Doe,john.doe@gmail.com,john.doe@lattice-engines.com
John,Doe,john.doe@gmail.com,john.doe@lattice-engines.com
John,Doe,john.doe@gmail.com,john.doe@lattice-engines.com
John,Doe,john.doe@gmail.com,john.doe@lattice-engines.com
John,Doe,john.doe@gmail.com,john.doe@lattice-engines.com
John,Doe,john.doe@gmail.com,john.doe@lattice-engines.com
John,Doe,john.doe@gmail.com,john.doe@lattice-engines.com
John,Doe,john.doe@gmail.com,john.doe@lattice-engines.com
John,Doe,john.doe@gmail.com,john.doe@lattice-engines.com
John,Doe,john.doe@gmail.com,john.doe@lattice-engines.com
John,Doe,john.doe@gmail.com,john.doe@lattice-engines.com
John,Doe,john.doe@gmail.com,john.doe@lattice-engines.com
John,Doe,john.doe@gmail.com,john.doe@lattice-engines.com
John,Doe,john.doe@gmail.com,john.doe@lattice-engines.com
John,Doe,john.doe@gmail.com,john.doe@lattice-engines.com
John,Doe,john.doe@gmail.com,john.doe@lattice-engines.com
John,Doe,john.doe@gmail.com,john.doe@lattice-engines.com
John,Doe,john.doe@gmail.com,john.doe@lattice-engines.com
John,Doe,john.doe@gmail.com,john.doe@lattice-engines.com
John,Doe,john.doe@gmail.com,john.doe@lattice-engines.com
John,Doe,john.doe@gmail.com,john.doe@lattice-engines.com
John,Doe,john.doe@gmail.com,john.doe@lattice-engines.com
John,Doe,john.doe@gmail.com,john.doe@lattice-engines.com
John,Doe,john.doe@gmail.com,john.doe@lattice-engines.com
John,Doe,john.doe@gmail.com,john.doe@lattice-engines.com
John,Doe,john.doe@gmail.com,john.doe@lattice-engines.com
John,Doe,john.doe@gmail.com,john.doe@lattice-engines.com
John,Doe,john.doe@gmail.com,john.doe@lattice-engines.com
John,Doe,john.doe@gmail.com,john.doe@lattice-engines.com
John,Doe,john.doe@gmail.com,john.doe@lattice-engines.com
John,Doe,john.doe@gmail.com,john.doe@lattice-engines.com
John,Doe,john.doe@gmail.com,john.doe@lattice-engines.com
John,Doe,john.doe@gmail.com,john.doe@lattice-engines.com
John,Doe,john.doe@gmail.com,john.doe@lattice-engines.com
John,Doe,john.doe@gmail.com,john.doe@lattice-engines.com
John,Doe,john.doe@gmail.com,john.doe@lattice-engines.com
John,Doe,john.doe@gmail.com,john.doe@lattice-engines.com
John,Doe,john.doe@gmail.com,john.doe@lattice-engines.com
John,Doe,john.doe@gmail.com,john.doe@lattice-engines.com
John,Doe,john.doe@gmail.com,john.doe@lattice-engines.com
John,Doe,john.doe@gmail.com,john.doe@lattice-engines.com
John,Doe,john.doe@gmail.com,john.doe@lattice-engines.com
John,Doe,john.doe@gmail.com,john.doe@lattice-engines.com
John,Doe,john.doe@gmail.com,john.doe@lattice-engines.com
John,Doe,john.doe@gmail.com,john.doe@lattice-engines.com
John,Doe,john.doe@gmail.com,john.doe@lattice-engines.com
John,Doe,john.doe@gmail.com,john.doe@lattice-engines.com
John,Doe,john.doe@gmail.com,john.doe@lattice-engines.com
John,Doe,john.doe@gmail.com,john.doe@lattice-engines.com
John,Doe,john.doe@gmail.com,john.doe@lattice-engines.com
John,Doe,john.doe@gmail.com,john.doe@lattice-engines.com
John,Doe,john.doe@gmail.com,john.doe@lattice-engines.com
John,Doe,john.doe@gmail.com,john.doe@lattice-engines.com
John,Doe,john.doe@gmail.com,john.doe@lattice-engines.com
John,Doe,john.doe@gmail.com,john.doe@lattice-engines.com
John,Doe,john.doe@gmail.com,john.doe@lattice-engines.com
John,Doe,john.doe@gmail.com,john.doe@lattice-engines.com
John,Doe,john.doe@gmail.com,john.doe@lattice-engines.com
John,Doe,john.doe@gmail.com,john.doe@lattice-engines.com
John,Doe,john.doe@gmail.com,john.doe@lattice-engines.com
John,Doe,john.doe@gmail.com,john.doe@lattice-engines.com
John,Doe,john.doe@gmail.com,john.doe@lattice-engines.com
John,Doe,john.doe@gmail.com,john.doe@lattice-engines.com
John,Doe,john.doe@gmail.com,john.doe@lattice-engines.com
John,Doe,john.doe@gmail.com,john.doe@lattice-engines.com
John,Doe,john.doe@gmail.com,john.doe@lattice-engines.com
John,Doe,john.doe@gmail.com,john.doe@lattice-engines.com
John,Doe,john.doe@gmail.com,john.doe@lattice-engines.com
John,Doe,john.doe@gmail.com,john.doe@lattice-engines.com
John,Doe,john.doe@gmail.com,john.doe@lattice-engines.com
John,Doe,john.doe@gmail.com,john.doe@lattice-engines.com
John,Doe,john.doe@gmail.com,john.doe@lattice-engines.com
John,Doe,john.doe@gmail.com,john.doe@lattice-engines.com
John,Doe,john.doe@gmail.com,john.doe@lattice-engines.com
John,Doe,john.doe@gmail.com,john.doe@lattice-engines.com
John,Doe,john.doe@gmail.com,john.doe@lattice-engines.com
John,Doe,john.doe@gmail.com,john.doe@lattice-engines.com
John,Doe,john.doe@gmail.com,john.doe@lattice-engines.com
John,Doe,john.doe@gmail.com,john.doe@lattice-engines.com
John,Doe,john.doe@gmail.com,john.doe@lattice-engines.com
John,Doe,john.doe@gmail.com,john.doe@lattice-engines.com
John,Doe,john.doe@gmail.com,john.doe@lattice-engines.com
John,Doe,john.doe@gmail.com,john.doe@lattice-engines.com
John,Doe,john.doe@gmail.com,john.doe@lattice-engines.com
John,Doe,john.doe@gmail.com,john.doe@lattice-engines.com
John,Doe,john.doe@gmail.com,john.doe@lattice-engines.com
John,Doe,john.doe@gmail.com,john.doe@lattice-engines.com
John,Doe,john.doe@gmail.com,john.doe@lattice-engines.com
John,Doe,john.doe@gmail.com,john.doe@lattice-engines.com
John,Doe,john.doe@gmail.com,john.doe@lattice-engines.com
John,Doe,john.doe@gmail.com,john.doe@lattice-engines.com
John,Doe,john.doe@gmail.com,john.doe@lattice-engines.com
John,Doe,john.doe@gmail.com,john.doe@lattice-engines.com