New Metro Name,Country
"Adelaide (Central / Hills), SA",Australia
"Adelaide (North), SA",Australia
"Adelaide (South), SA",Australia
"Adelaide (West), SA",Australia
"Australian Capital Territory, ACT",Australia
"Ballarat, VIC",Australia
"Barossa / Yorke / Mid North, SA",Australia
"Bendigo, VIC",Australia
"Brisbane (East), QLD",Australia
"Brisbane (Inner City), QLD",Australia
"Brisbane (North), QLD",Australia
"Brisbane (South), QLD",Australia
"Brisbane (West), QLD",Australia
"Bunbury, WA",Australia
"Cairns, QLD",Australia
"Capital Region, NSW",Australia
"Central Coast, NSW",Australia
"Central West, NSW",Australia
"Coffs Harbour / Grafton, NSW",Australia
"Darling Downs / Maranoa, QLD",Australia
"Darwin, NT",Australia
"Far West / Orana, NSW",Australia
"Fitzroy, QLD",Australia
"Geelong, VIC",Australia
"Gold Coast, QLD",Australia
"Hobart, TAS",Australia
"Hume, VIC",Australia
"Hunter Valley exc Newcastle, NSW",Australia
"Illawarra, NSW",Australia
"Ipswich, QLD",Australia
"Latrobe / Gippsland, VIC",Australia
"Launceston / North East, TAS",Australia
"Logan / Beaudesert, QLD",Australia
"Mackay, QLD",Australia
"Mandurah, WA",Australia
"Melbourne (Inner East), VIC",Australia
"Melbourne (Inner South), VIC",Australia
"Melbourne (Inner), VIC",Australia
"Melbourne (North East), VIC",Australia
"Melbourne (North West), VIC",Australia
"Melbourne (Outer East), VIC",Australia
"Melbourne (South East), VIC",Australia
"Melbourne (West), VIC",Australia
"Mid North Coast, NSW",Australia
"Moreton Bay (North), QLD",Australia
"Moreton Bay (South), QLD",Australia
"Mornington Peninsula, VIC",Australia
"Murray, NSW",Australia
"New England / North West, NSW",Australia
"Newcastle / Lake Macquarie, NSW",Australia
"North West, VIC",Australia
"Northern Territory / Outback, NT",Australia
"Perth (Inner), WA",Australia
"Perth (North East), WA",Australia
"Perth (North West), WA",Australia
"Perth (South East), WA",Australia
"Perth (South West), WA",Australia
"Queensland / Outback, QLD",Australia
"Richmond / Tweed, NSW",Australia
"Riverina, NSW",Australia
"Shepparton, VIC",Australia
"South Australia / Outback, SA",Australia
"South Australia / South East, SA",Australia
"South East, TAS",Australia
"Southern Highlands / Shoalhaven, NSW",Australia
"Sunshine Coast, QLD",Australia
"Sydney (Baulkham Hills / Hawkesbury), NSW",Australia
"Sydney (Blacktown), NSW",Australia
"Sydney (City / Inner South), NSW",Australia
"Sydney (Eastern Suburbs), NSW",Australia
"Sydney (Inner South West), NSW",Australia
"Sydney (Inner West), NSW",Australia
"Sydney (North Sydney / Hornsby), NSW",Australia
"Sydney (Northern Beaches), NSW",Australia
"Sydney (Outer South West), NSW",Australia
"Sydney (Outer West / Blue Mountains), NSW",Australia
"Sydney (Parramatta), NSW",Australia
"Sydney (Ryde), NSW",Australia
"Sydney (South West), NSW",Australia
"Sydney (Sutherland), NSW",Australia
"Toowoomba, QLD",Australia
"Townsville, QLD",Australia
"Warrnambool / South West, VIC",Australia
"West / North West, TAS",Australia
"Wester Australia / Outback, WA",Australia
"Wester Australia / Wheat Belt, WA",Australia
"Wide Bay, QLD",Australia
"Abbotsford / Mission, BC",Canada
"Alma, QC",Canada
"Amos, QC",Canada
"Baie-Comeau, QC",Canada
"Barrie, ON",Canada
"Bathurst, NB",Canada
"Bay Roberts, NL",Canada
"Belleville, ON",Canada
"Brandon, MB",Canada
"Brantford, ON",Canada
"Brockville, ON",Canada
"Brooks, AB",Canada
"Calgary, AB",Canada
"Campbell River, BC",Canada
"Campbellton, NB",Canada
"Camrose, AB",Canada
"Canmore, AB",Canada
"Cape Breton, NS",Canada
"Centre Wellington, ON",Canada
"Charlottetown, PE",Canada
"Chatham-Kent, ON",Canada
"Chilliwack, BC",Canada
"Cobourg, ON",Canada
"Cold Lake, AB",Canada
"Collingwood, ON",Canada
"Corner Brook, NL",Canada
"Cornwall, ON",Canada
"Courtenay, BC",Canada
"Cowansville, QC",Canada
"Cranbrook, BC",Canada
"Dawson Creek, BC",Canada
"Dolbeau-Mistassini, QC",Canada
"Drummondville, QC",Canada
"Duncan, BC",Canada
"Edmonton, AB",Canada
"Edmundston, NB",Canada
"Elliot Lake, ON",Canada
"Estevan, SK",Canada
"Fort St. John, BC",Canada
"Fredericton, NB",Canada
"Granby, QC",Canada
"Grand Falls / Windsor, NL",Canada
"Grande Prairie, AB",Canada
"Greater Sudbury / Grand Sudbury, ON",Canada
"Guelph, ON",Canada
"Halifax, NS",Canada
"Hamilton, ON",Canada
"Hawkesbury, ON",Canada
"High River, AB",Canada
"Ingersoll, ON",Canada
"Joliette, QC",Canada
"Kamloops, BC",Canada
"Kawartha Lakes, ON",Canada
"Kelowna, BC",Canada
"Kenora, ON",Canada
"Kentville, NS",Canada
"Kingston, ON",Canada
"Kitchener / Cambridge / Waterloo, ON",Canada
"Lachute, QC",Canada
"Lacombe, AB",Canada
"Leamington, ON",Canada
"Lethbridge, AB",Canada
"Lloydminster, AB",Canada
"London, ON",Canada
"Matane, QC",Canada
"Medicine Hat, AB",Canada
"Midland, ON",Canada
"Miramichi, NB",Canada
"Moncton, NB",Canada
"Montreal, QC",Canada
"Moose Jaw, SK",Canada
"Nanaimo, BC",Canada
"New Glasgow, NS",Canada
"Norfolk, ON",Canada
"North Battleford, SK",Canada
"North Bay, ON",Canada
"Okotoks, AB",Canada
"Orillia, ON",Canada
"Oshawa, ON",Canada
"Ottawa, ON / Gatineau, QB",Canada
"Owen Sound, ON",Canada
"Parksville, BC",Canada
"Pembroke, ON",Canada
"Penticton, BC",Canada
"Petawawa, ON",Canada
"Peterborough, ON",Canada
"Port Alberni, BC",Canada
"Port Hope, ON",Canada
"Portage La Prairie, MB",Canada
"Powell River, BC",Canada
"Prince Albert, SK",Canada
"Prince George, BC",Canada
"Prince Rupert, BC",Canada
"Quebec, QC",Canada
"Quesnel, BC",Canada
"Red Deer, AB",Canada
"Regina, SK",Canada
"Rimouski, QC",Canada
"Riviere-du-Loup, QC",Canada
"Rouyn-noranda'Or, QC",Canada
"Saguenay, QC",Canada
"Saint John, NB",Canada
"Saint-Georges, QC",Canada
"Saint-Hyacinthe, QC",Canada
"Saint-Jean-sur-Richelieu, QC",Canada
"Salaberry-de-Valleyfield, QC",Canada
"Salmon Arm, BC",Canada
"Sarnia, ON",Canada
"Saskatoon, SK",Canada
"Sault Ste. Marie, ON",Canada
"Sept-Iles, QC",Canada
"Shawinigan, QC",Canada
"Sherbrooke, QC",Canada
"Sorel-Tracy, QC",Canada
"Squamish, BC",Canada
"St. Catharines / Niagara, ON",Canada
"St. John's, NL",Canada
"Steinbach, MB",Canada
"Stratford, ON",Canada
"Strathmore, AB",Canada
"Summerside, PE",Canada
"Swift Current, SK",Canada
"Sylvan Lake, AB",Canada
"Temiskaming Shores, ON",Canada
"Terrace, BC",Canada
"Thetford Mines, QC",Canada
"Thompson, MB",Canada
"Thunder Bay, ON",Canada
"Tillsonburg, ON",Canada
"Timmins, ON",Canada
"Toronto, ON",Canada
"Trois-Rivieres, QC",Canada
"Truro, NS",Canada
"Val-d'Or, QC",Canada
"Vancouver, BC",Canada
"Vernon, BC",Canada
"Victoria, BC",Canada
"Victoriaville, QC",Canada
"Wetaskiwin, AB",Canada
"Whitehorse, YT",Canada
"Williams Lake, BC",Canada
"Windsor, ON",Canada
"Winnipeg, MB",Canada
"Wood Buffalo, AB",Canada
"Woodstock, ON",Canada
"Yellowknife, NT",Canada
"Yorkton, SK",Canada
"Aba(Ngawa) Tibetan And Qiang Autonomous Prefecture, CN-51",China
"Aksu Prefecture, CN-65",China
"Altay Prefecture, CN-65",China
"Alxa League, CN-15",China
"Ankang, CN-61",China
"Anqing, CN-34",China
"Anshan, CN-21",China
"Anshun, CN-52",China
"Anyang, CN-41",China
"Baicheng, CN-22",China
"Baise, CN-45",China
"Baishan, CN-22",China
"Baiyin, CN-62",China
"Baoding, CN-13",China
"Baoji, CN-61",China
"Baoshan, CN-53",China
"Baotou, CN-15",China
"Bayan Nur City, CN-15",China
"Bayingolin Mongol Autonomous Prefecture, CN-65",China
"Bazhong, CN-51",China
"Beihai, CN-45",China
"Beijing, CN-11",China
"Bengbu, CN-34",China
"Benxi, CN-21",China
"Bijie Prefecture, CN-52",China
"Binzhou, CN-37",China
"Bortala Mongol Autonomous Prefecture, CN-65",China
"Bozhou, CN-34",China
"Cangzhou, CN-13",China
"Chamdo Prefecture, CN-54",China
"Changchun, CN-22",China
"Changde, CN-43",China
"Changji Hui Autonomous Prefecture, CN-65",China
"Changsha, CN-43",China
"Changzhi, CN-14",China
"Changzhou, CN-32",China
"Chaohu, CN-34",China
"Chaoyang, CN-21",China
"Chaozhou, CN-44",China
"Chengde, CN-13",China
"Chengdu, CN-51",China
"Chenzhou, CN-43",China
"Chifeng, CN-15",China
"Chizhou, CN-34",China
"Chongqing, CN-50",China
"Chongzuo, CN-45",China
"Chuxiong Yi Autonomous Prefecture, CN-53",China
"Chuzhou, CN-34",China
"Da Hinggan Ling Prefecture, CN-23",China
"Dali Bai Autonomous Prefecture, CN-53",China
"Dalian, CN-21",China
"Dandong, CN-21",China
"Daqing, CN-23",China
"Datong, CN-14",China
"Dazhou, CN-51",China
"Dehong Dai And Jingpo Autonomous Prefecture, CN-53",China
"Deyang, CN-51",China
"Dezhou, CN-37",China
"Dingxi, CN-62",China
"Diqing Tibetan Autonomous Prefecture, CN-53",China
"Dongguan, CN-44",China
"Dongying, CN-37",China
"Enshi Tujia And Miao Autonomous Prefecture, CN-42",China
"Ezhou, CN-42",China
"Fangchenggang, CN-45",China
"Foshan, CN-44",China
"Fushun, CN-21",China
"Fuxin, CN-21",China
"Fuyang, CN-34",China
"Fuzhou, CN-35",China
"Fuzhou, CN-36",China
"Gannan Tibetan Autonomous Prefecture, CN-62",China
"Ganzhou, CN-36",China
"Garze Tibetan Autonomous Prefecture, CN-51",China
"Golog Tibetan Autonomous Prefecture, CN-63",China
"Guang'an, CN-51",China
"Guangyuan, CN-51",China
"Guangzhou, CN-44",China
"Guigang, CN-45",China
"Guilin, CN-45",China
"Guiyang, CN-52",China
"Guyuan, CN-64",China
"Haibei Tibetan Autonomous Prefecture, CN-63",China
"Haidong Prefecture, CN-63",China
"Haikou, CN-46",China
"Hainan Tibetan Autonomous Prefecture, CN-63",China
"Haixi Mongolzu Zangzu Zizhizhou, CN-63",China
"Hami Prefecture, CN-65",China
"Handan, CN-13",China
"Hangzhou, CN-33",China
"Hanzhong, CN-61",China
"Harbin, CN-23",China
"Hebi, CN-41",China
"Hechi, CN-45",China
"Hefei, CN-34",China
"Hegang, CN-23",China
"Heihe, CN-23",China
"Hengshui, CN-13",China
"Hengyang, CN-43",China
"Heyuan, CN-44",China
"Heze, CN-37",China
"Hezhou, CN-45",China
"Hinggan League, CN-15",China
"Hohhot, CN-15",China
"Honghe Hani And Yi Autonomous Prefecture, CN-53",China
"Hotan Prefecture, CN-65",China
"Huai'an, CN-32",China
"Huaibei, CN-34",China
"Huaihua, CN-43",China
"Huainan, CN-34",China
"Huanggang, CN-42",China
"Huangnan Tibetan Autonomous Prefecture, CN-63",China
"Huangshan, CN-34",China
"Huangshi, CN-42",China
"Huizhou, CN-44",China
"Huludao, CN-21",China
"Hulun Buir, CN-15",China
"Huzhou, CN-33",China
"Jiamusi, CN-23",China
"Ji'an, CN-36",China
"Jiangmen, CN-44",China
"Jiaozuo, CN-41",China
"Jiaxing, CN-33",China
"Jiayuguan, CN-62",China
"Jieyang, CN-44",China
"Jilin, CN-22",China
"Jinan, CN-37",China
"Jinchang, CN-62",China
"Jincheng, CN-14",China
"Jingdezhen, CN-36",China
"Jingmen, CN-42",China
"Jingzhou, CN-42",China
"Jinhua, CN-33",China
"Jining, CN-37",China
"Jinzhong, CN-14",China
"Jinzhou, CN-21",China
"Jiujiang, CN-36",China
"Jiuquan, CN-62",China
"Jixi, CN-23",China
"Kaifeng, CN-41",China
"Karamay City, CN-65",China
"Kashi Prefecture, CN-65",China
"Kazak Autonomous Prefecture Of Ili, CN-65",China
"Kizilsu Kirghiz Autonomous Prefecture, CN-65",China
"Kunming, CN-53",China
"Laibin, CN-45",China
"Laiwu, CN-37",China
"Langfang, CN-13",China
"Lanzhou, CN-62",China
"Leshan, CN-51",China
"Lhasa City, CN-54",China
"Lianyungang, CN-32",China
"Liaocheng, CN-37",China
"Liaoyang, CN-21",China
"Liaoyuan, CN-22",China
"Lijiang, CN-53",China
"Lincang, CN-53",China
"Linfen, CN-14",China
"Linxia Hui Autonomous Prefecture, CN-62",China
"Linyi, CN-37",China
"Lishui, CN-33",China
"Liupanshui, CN-52",China
"Liuzhou, CN-45",China
"Longnan, CN-62",China
"Longyan, CN-35",China
"Loudi, CN-43",China
"Lu'an, CN-34",China
"Luohe, CN-41",China
"Luoyang, CN-41",China
"Luzhou, CN-51",China
"Lvliang, CN-14",China
"Ma'anshan, CN-34",China
"Maoming, CN-44",China
"Meishan, CN-51",China
"Meizhou, CN-44",China
"Mianyang, CN-51",China
"Mudanjiang, CN-23",China
"Nagqu Prefecture, CN-54",China
"Nanchang, CN-36",China
"Nanchong, CN-51",China
"Nanjing, CN-32",China
"Nanning, CN-45",China
"Nanping, CN-35",China
"Nantong, CN-32",China
"Nanyang, CN-41",China
"Neijiang, CN-51",China
"Ngari Prefecture, CN-54",China
"Ningbo, CN-33",China
"Ningde, CN-35",China
"Nujiang Of The Lisu Autonomous Prefecture, CN-53",China
"Nyingchi Prefecture, CN-54",China
"Ordos, CN-15",China
"Panjin, CN-21",China
"Panzhihua, CN-51",China
"Pingdingshan, CN-41",China
"Pingliang, CN-62",China
"Pingxiang, CN-36",China
"Pu'er, CN-53",China
"Putian, CN-35",China
"Puyang, CN-41",China
"Qiandongnan Miao And Dong Autonomous Prefecture, CN-52",China
"Qiannan Buyi And Miao Autonomous Prefecture, CN-52",China
"Qianxinan Buyi And Miao Autonomous Prefecture, CN-52",China
"Qingdao, CN-37",China
"Qingyang, CN-62",China
"Qingyuan, CN-44",China
"Qinhuangdao, CN-13",China
"Qinzhou, CN-45",China
"Qiqihar, CN-23",China
"Qitaihe, CN-23",China
"Quanzhou, CN-35",China
"Qujing, CN-53",China
"Quzhou, CN-33",China
"Rizhao, CN-37",China
"Sanmenxia, CN-41",China
"Sanming, CN-35",China
"Sanya, CN-46",China
"Shanghai, CN-31",China
"Shangluo, CN-61",China
"Shangqiu, CN-41",China
"Shangrao, CN-36",China
"Shannan Prefecture, CN-54",China
"Shantou, CN-44",China
"Shanwei, CN-44",China
"Shaoguan, CN-44",China
"Shaoxing, CN-33",China
"Shaoyang, CN-43",China
"Shenyang, CN-21",China
"Shenzhen, CN-44",China
"Shigatse Prefecture, CN-54",China
"Shijiazhuang, CN-13",China
"Shiyan, CN-42",China
"Shizuishan, CN-64",China
"Shuangyashan, CN-23",China
"Shuozhou, CN-14",China
"Siping, CN-22",China
"Songyuan, CN-22",China
"Suihua, CN-23",China
"Suining, CN-51",China
"Suizhou, CN-42",China
"Suqian, CN-32",China
"Suzhou, CN-32",China
"Suzhou, CN-34",China
"Tacheng Prefecture, CN-65",China
"Tai'an, CN-37",China
"Taiyuan, CN-14",China
"Taizhou, CN-32",China
"Taizhou, CN-33",China
"Tangshan, CN-13",China
"Tianjin, CN-12",China
"Tianshui, CN-62",China
"Tieling, CN-21",China
"Tongchuan, CN-61",China
"Tonghua, CN-22",China
"Tongliao, CN-15",China
"Tongling, CN-34",China
"Tongren Prefecture, CN-52",China
"Turpan Area, CN-65",China
"Ulan Qab, CN-15",China
"Urumqi Municipality, CN-65",China
"Weifang, CN-37",China
"Weihai, CN-37",China
"Weinan, CN-61",China
"Wenshan Zhuang And Miao Autonomous Prefecture, CN-53",China
"Wenzhou, CN-33",China
"Wuhai, CN-15",China
"Wuhan, CN-42",China
"Wuhu, CN-34",China
"Wuwei, CN-62",China
"Wuxi, CN-32",China
"Wuzhong, CN-64",China
"Wuzhou, CN-45",China
"Xiamen, CN-35",China
"Xi'an, CN-61",China
"Xiangfan, CN-42",China
"Xiangtan, CN-43",China
"Xiangxi Tujia And Miao Autonomous Prefecture, CN-43",China
"Xianning, CN-42",China
"Xianyang, CN-61",China
"Xiaogan, CN-42",China
"Xilin Gol League, CN-15",China
"Xingtai, CN-13",China
"Xining, CN-63",China
"Xinxiang, CN-41",China
"Xinyang, CN-41",China
"Xinyu, CN-36",China
"Xinzhou, CN-14",China
"Xishuangbanna Dai Autonomous Prefecture, CN-53",China
"Xuancheng, CN-34",China
"Xuchang, CN-41",China
"Xuzhou, CN-32",China
"Ya'an, CN-51",China
"Yan'an, CN-61",China
"Yanbian Korean Autonomous Prefecture, CN-22",China
"Yancheng, CN-32",China
"Yangjiang, CN-44",China
"Yangquan, CN-14",China
"Yangzhou, CN-32",China
"Yantai, CN-37",China
"Yi Autonomous Prefecture Of Liangshan, CN-51",China
"Yibin, CN-51",China
"Yichang, CN-42",China
"Yichun, CN-23",China
"Yichun, CN-36",China
"Yinchuan, CN-64",China
"Yingkou, CN-21",China
"Yingtan, CN-36",China
"Yiyang, CN-43",China
"Yongzhou, CN-43",China
"Yueyang, CN-43",China
"Yulin, CN-45",China
"Yulin, CN-61",China
"Yuncheng, CN-14",China
"Yunfu, CN-44",China
"Yushu Tibetan Autonomous Prefecture, CN-63",China
"Yuxi, CN-53",China
"Zaozhuang, CN-37",China
"Zhangjiajie, CN-43",China
"Zhangjiakou, CN-13",China
"Zhangye, CN-62",China
"Zhangzhou, CN-35",China
"Zhanjiang, CN-44",China
"Zhaoqing, CN-44",China
"Zhaotong, CN-53",China
"Zhengzhou, CN-41",China
"Zhenjiang, CN-32",China
"Zhongshan, CN-44",China
"Zhongwei, CN-64",China
"Zhoukou, CN-41",China
"Zhoushan, CN-33",China
"Zhuhai, CN-44",China
"Zhumadian, CN-41",China
"Zhuzhou, CN-43",China
"Zibo, CN-37",China
"Zigong, CN-51",China
"Ziyang, CN-51",China
"Zunyi, CN-52",China
Ain,France
Aisne,France
Allier,France
Alpes-Maritimes,France
Apes-de-Haute-Provence,France
Ardeche,France
Ardennes,France
Ariege,France
Aube,France
Aude,France
Aveyron,France
Bas-Rhin,France
Bouches-Du-Rhone,France
Calvados,France
Cantal,France
Charente,France
Charente-Maritime,France
Cher,France
Correze,France
Corse-Du-Sud,France
Cote-D'Or,France
Cotes-D'Armor,France
Creuse,France
Deux-Sevres,France
Dordogne,France
Doubs,France
Drome,France
Essonne,France
Eure,France
Eure-Et-Loir,France
Finistere,France
Gard,France
Gers,France
Gironde,France
Haute-Corse,France
Haute-Garonne,France
Haute-Loire,France
Haute-Marne,France
Haute-Pyrenees,France
Hautes-Alpes,France
Haute-Saone,France
Haute-Savoie,France
Haute-Vienne,France
Haut-Rhin,France
Hauts-De-Seine,France
Herault,France
Ille-Et-Vilaine,France
Indre,France
Indre-Et-Loire,France
Isere,France
Jura,France
Landes,France
Loire,France
Loire-Atlantique,France
Loiret,France
Loir-Et-Cher,France
Lot,France
Lot-Et-Garonne,France
Lozere,France
Maine-Et-Loire,France
Manche,France
Marne,France
Mayenne,France
Meurthe-Et-Moselle,France
Meuse,France
Morbihan,France
Moselle,France
Nievre,France
Nord,France
Oise,France
Orne,France
Paris,France
Pas-De-Calais,France
Puy-De-Dome,France
Pyrenees-Atlantiques,France
Pyrenees-Orientales,France
Rhone,France
Saone-Et-Loire,France
Sarthe,France
Savoie,France
Seine-Et-Marne,France
Seine-Maritime,France
Seine-Saint-Denis,France
Somme,France
Tarn,France
Tarn-Et-Garonne,France
Territoire De Belfort,France
Val-De-Marne,France
Val-D'Oise,France
Var,France
Vaucluse,France
Vendee,France
Vienne,France
Vosges,France
Yonne,France
Yvelines,France
Baden-Wurttemberg,Germany
Bavaria,Germany
Berlin,Germany
Bremen / Hamburg / Lower Saxony / Schleswig-Holstein,Germany
Hessen / Rheinland-Pfalz / Saarland,Germany
Mecklenburg-Western Pomerania / Saxony-Anhalt,Germany
Nordrhein-Westfalen,Germany
Saxony / Thuringia,Germany
Andong-Si,Korea (South)
Anseong-Si,Korea (South)
Asan-Si,Korea (South)
Boeun-Gun,Korea (South)
Bonghwa-Gun,Korea (South)
Boryeong-Si,Korea (South)
Boseong-Gun,Korea (South)
Buan-Gun,Korea (South)
Buk-Gu Busan,Korea (South)
Buk-Gu Daegu,Korea (South)
Buk-Gu Gwangju,Korea (South)
Buk-Gu Pohang-Si,Korea (South)
Buk-Gu Ulsan,Korea (South)
Bundang-Gu Seongnam-Si,Korea (South)
Bupyeong-Gu,Korea (South)
Busanjin-Gu,Korea (South)
Buyeo-Gun,Korea (South)
Changnyeong-Gun,Korea (South)
Changwon-Si,Korea (South)
Cheoin-Gu Yongin-Si,Korea (South)
Cheongdo-Gun,Korea (South)
Cheongsong-Gun,Korea (South)
Cheongwon-Gun,Korea (South)
Cheongyang-Gun,Korea (South)
Cheorwon-Gun,Korea (South)
Chilgok-Gun,Korea (South)
Chuncheon-Si,Korea (South)
Chungju-Si,Korea (South)
Daedeok-Gu,Korea (South)
Dalseo-Gu,Korea (South)
Dalseong-Gun,Korea (South)
Damyang-Gun,Korea (South)
Dangjin-Gun,Korea (South)
Danwon-Gu Ansan-Si,Korea (South)
Danyang-Gun,Korea (South)
Deogyang-Gu Goyang-Si,Korea (South)
Deokjin-Gu Jeonju-Si,Korea (South)
Dobong-Gu,Korea (South)
Dongan-Gu Anyang-Si,Korea (South)
Dongdaemun-Gu,Korea (South)
Dongducheon-Si,Korea (South)
Dong-Gu Busan,Korea (South)
Dong-Gu Daegu,Korea (South)
Dong-Gu Daejeon,Korea (South)
Dong-Gu Gwangju,Korea (South)
Dong-Gu Incheon,Korea (South)
Dong-Gu Ulsan,Korea (South)
Donghae-Si,Korea (South)
Dongjak-Gu,Korea (South)
Dongnam-Gu Cheonan-Si,Korea (South)
Dongrae-Gu,Korea (South)
Eumseong-Gun,Korea (South)
Eunpyeong-Gu,Korea (South)
Gangbuk-Gu,Korea (South)
Gangdong-Gu,Korea (South)
Ganghwa-Gun,Korea (South)
Gangjin-Gun,Korea (South)
Gangnam-Gu,Korea (South)
Gangreung-Si,Korea (South)
Gangseo-Gu Busan,Korea (South)
Gangseo-Gu Seoul,Korea (South)
Gapyeong-Gun,Korea (South)
Geochang-Gun,Korea (South)
Geoje-Si,Korea (South)
Geumcheon-Gu,Korea (South)
Geumjeong-Gu,Korea (South)
Geumsan-Gun,Korea (South)
Giheung-Gu Yongin-Si,Korea (South)
Gijang-Gun,Korea (South)
Gimcheon-Si,Korea (South)
Gimhae-Si,Korea (South)
Gimje-Si,Korea (South)
Gimpo-Si,Korea (South)
Gochang-Gun,Korea (South)
Goesan-Gun,Korea (South)
Goheung-Gun,Korea (South)
Gokseong-Gun,Korea (South)
Gongju-Si,Korea (South)
Goryeong-Gun,Korea (South)
Goseong-Gun Gangwon,Korea (South)
Goseong-Gun Gyeongsangbuk,Korea (South)
Gumi-Si,Korea (South)
Gunpo-Si,Korea (South)
Gunsan-Si,Korea (South)
Gunwi-Gun,Korea (South)
Guri-Si,Korea (South)
Guro-Gu,Korea (South)
Gurye-Gun,Korea (South)
Gwacheon-Si,Korea (South)
Gwanak-Gu,Korea (South)
Gwangjin-Gu,Korea (South)
Gwangju-Si,Korea (South)
Gwangmyeong-Si,Korea (South)
Gwangsan-Gu,Korea (South)
Gwangyang-Si,Korea (South)
Gwonseon-Gu Suwon-Si,Korea (South)
Gyeongju-Si,Korea (South)
Gyeongsan-Si,Korea (South)
Gyeryong-Si,Korea (South)
Gyeyang-Gu,Korea (South)
Hadong-Gun,Korea (South)
Haenam-Gun,Korea (South)
Haeundae-Gu,Korea (South)
Haman-Gun,Korea (South)
Hampyeong-Gun,Korea (South)
Hamyang-Gun,Korea (South)
Hanam-Si,Korea (South)
Hapcheon-Gun,Korea (South)
Heungdeok-Gu Cheongju-Si,Korea (South)
Hoengseong-Gun,Korea (South)
Hongcheon-Gun,Korea (South)
Hongseong-Gun,Korea (South)
Hwacheon-Gun,Korea (South)
Hwaseong-Si,Korea (South)
Hwasun-Gun,Korea (South)
Icheon-Si,Korea (South)
Iksan-Si,Korea (South)
Ilsandong-Gu Goyang-Si,Korea (South)
Ilsanseo-Gu Goyang-Si,Korea (South)
Imsil-Gun,Korea (South)
Inje-Gun,Korea (South)
Jangan-Gu Suwon-Si,Korea (South)
Jangheung-Gun,Korea (South)
Jangseong-Gun,Korea (South)
Jangsu-Gun,Korea (South)
Jecheon-Si,Korea (South)
Jeju-Si,Korea (South)
Jeongeup-Si,Korea (South)
Jeongseon-Gun,Korea (South)
Jeungpyeong-Gun,Korea (South)
Jinan-Gun,Korea (South)
Jincheon-Gun,Korea (South)
Jindo-Gun,Korea (South)
Jinhae-Si,Korea (South)
Jinju-Si,Korea (South)
Jongro-Gu,Korea (South)
Jung-Gu Busan,Korea (South)
Jung-Gu Daegu,Korea (South)
Jung-Gu Daejeon,Korea (South)
Jung-Gu Incheon,Korea (South)
Jung-Gu Seoul,Korea (South)
Jung-Gu Ulsan,Korea (South)
Jungrang-Gu,Korea (South)
Jungwon-Gu Seongnam-Si,Korea (South)
Manan-Gu Anyang-Si,Korea (South)
Mapo-Gu,Korea (South)
Masan-Si,Korea (South)
Miryang-Si,Korea (South)
Mokpo-Si,Korea (South)
Muan-Gun,Korea (South)
Muju-Gun,Korea (South)
Mungyeong-Si,Korea (South)
Naju-Si,Korea (South)
Namdong-Gu,Korea (South)
Nam-Gu Busan,Korea (South)
Nam-Gu Daegu,Korea (South)
Nam-Gu Gwangju,Korea (South)
Nam-Gu Incheon,Korea (South)
Nam-Gu Pohang-Si,Korea (South)
Nam-Gu Ulsan,Korea (South)
Namhae-Gun,Korea (South)
Namwon-Si,Korea (South)
Namyangju-Si,Korea (South)
Nonsan-Si,Korea (South)
Nowon-Gu,Korea (South)
Ojeong-Gu Bucheon-Si,Korea (South)
Okcheon-Gun,Korea (South)
Ongjin-Gun,Korea (South)
Osan-Si,Korea (South)
Paju-Si,Korea (South)
Paldal-Gu Suwon-Si,Korea (South)
Pocheon-Si,Korea (South)
Pyeongchang-Gun,Korea (South)
Pyeongtaek-Si,Korea (South)
Sacheon-Si,Korea (South)
Saha-Gu,Korea (South)
Samcheok-Si,Korea (South)
Sancheong-Gun,Korea (South)
Sangdang-Gu Cheongju-Si,Korea (South)
Sangju-Si,Korea (South)
Sangrok-Gu Ansan-Si,Korea (South)
Sasang-Gu,Korea (South)
Seobuk-Gu Cheonan-Si,Korea (South)
Seocheon-Gun,Korea (South)
Seocho-Gu,Korea (South)
Seodaemun-Gu,Korea (South)
Seo-Gu Busan,Korea (South)
Seo-Gu Daegu,Korea (South)
Seo-Gu Daejeon,Korea (South)
Seo-Gu Gwangju,Korea (South)
Seo-Gu Incheon,Korea (South)
Seogwipo-Si,Korea (South)
Seongbuk-Gu,Korea (South)
Seongdong-Gu,Korea (South)
Seongju-Gun,Korea (South)
Seosan-Si,Korea (South)
Siheung-Si,Korea (South)
Sinan-Gun,Korea (South)
Sokcho-Si,Korea (South)
Songpa-Gu,Korea (South)
Sosa-Gu Bucheon-Si,Korea (South)
Sujeong-Gu Seongnam-Si,Korea (South)
Suji-Gu Yongin-Si,Korea (South)
Sunchang-Gun,Korea (South)
Suncheon-Si,Korea (South)
Suseong-Gu,Korea (South)
Suyeong-Gu,Korea (South)
Taean-Gun,Korea (South)
Taebaek-Si,Korea (South)
Tongyeong-Si,Korea (South)
Uijeongbu-Si,Korea (South)
Uiryeong-Gun,Korea (South)
Uiseong-Gun,Korea (South)
Uiwang-Si,Korea (South)
Uljin-Gun,Korea (South)
Ulju-Gun,Korea (South)
Ulleung-Gun,Korea (South)
Wando-Gun,Korea (South)
Wanju-Gun,Korea (South)
Wansan-Gu Jeonju-Si,Korea (South)
Wonju-Si,Korea (South)
Wonmi-Gu Bucheon-Si,Korea (South)
Yangcheon-Gu,Korea (South)
Yanggu-Gun,Korea (South)
Yangju-Si,Korea (South)
Yangpyeong-Gun,Korea (South)
Yangsan-Si,Korea (South)
Yangyang-Gun,Korea (South)
Yecheon-Gun,Korea (South)
Yeoju-Gun,Korea (South)
Yeoncheon-Gun,Korea (South)
Yeongam-Gun,Korea (South)
Yeongcheon-Si,Korea (South)
Yeongdeok-Gun,Korea (South)
Yeongdeungpo-Gu,Korea (South)
Yeongdo-Gu,Korea (South)
Yeongdong-Gun,Korea (South)
Yeonggwang-Gun,Korea (South)
Yeongi-Gun,Korea (South)
Yeongju-Si,Korea (South)
Yeongtong-Gu Suwon-Si,Korea (South)
Yeongwol-Gun,Korea (South)
Yeongyang-Gun,Korea (South)
Yeonje-Gu,Korea (South)
Yeonsu-Gu,Korea (South)
Yeosu-Si,Korea (South)
Yesan-Gun,Korea (South)
Yongsan-Gu,Korea (South)
Yuseong-Gu,Korea (South)
"Ashburton, CAN",New Zealand
"Auckland, AUK",New Zealand
"Buller, WTC",New Zealand
"Carterton, WGN",New Zealand
"Central Hawke's Bay, HKB",New Zealand
"Central Otago, OTA",New Zealand
"Christchurch, CAN",New Zealand
"Clutha, OTA",New Zealand
"Dunedin, OTA",New Zealand
"Far North, NTL",New Zealand
"Gisborne, GIS",New Zealand
"Gore, STL",New Zealand
"Grey, WTC",New Zealand
"Hamilton, WKO",New Zealand
"Hastings, HKB",New Zealand
"Hauraki, WKO",New Zealand
"Horowhenua, MWT",New Zealand
"Hurunui, CAN",New Zealand
"Invercargill, STL",New Zealand
"Kaikoura, CAN",New Zealand
"Kaipara, NTL",New Zealand
"Kapiti Coast, WGN",New Zealand
"Kawerau, BOP",New Zealand
"Lower Hutt, WGN",New Zealand
"Mackenzie, CAN",New Zealand
"Manawatu, MWT",New Zealand
"Marlborough, MBH",New Zealand
"Masterton, WGN",New Zealand
"Matamata-Piako, WKO",New Zealand
"Napier, HKB",New Zealand
"Nelson, NSN",New Zealand
"New Plymouth, TKI",New Zealand
"Opotiki, BOP",New Zealand
"Otorohanga, WKO",New Zealand
"Palmerston North, MWT",New Zealand
"Porirua, WGN",New Zealand
"Queenstown-Lakes, OTA",New Zealand
"Rangitikei, MWT",New Zealand
"Rotorua, BOP",New Zealand
"Ruapehu, MWT",New Zealand
"Selwyn, CAN",New Zealand
"South Taranaki, TKI",New Zealand
"South Waikato, WKO",New Zealand
"South Wairarapa, WGN",New Zealand
"Southland, STL",New Zealand
"Stratford, TKI",New Zealand
"Tararua, MWT",New Zealand
"Tasman, TAS",New Zealand
"Taupo, WKO",New Zealand
"Tauranga, BOP",New Zealand
"Thames-Coromandel, WKO",New Zealand
"Timaru, CAN",New Zealand
"Upper Hutt, WGN",New Zealand
"Waikato, WKO",New Zealand
"Waimakariri, CAN",New Zealand
"Waimate, CAN",New Zealand
"Waipa, WKO",New Zealand
"Wairoa, HKB",New Zealand
"Waitaki, OTA",New Zealand
"Waitomo, WKO",New Zealand
"Wanganui, MWT",New Zealand
"Wellington, WGN",New Zealand
"Western Bay Of Plenty, BOP",New Zealand
"Westland, WTC",New Zealand
"Whakatane, BOP",New Zealand
"Whangarei, NTL",New Zealand
Afjord,Norway
Agdenes,Norway
Al,Norway
Alesund,Norway
Alstahaug,Norway
Alta,Norway
Alvdal,Norway
Amli,Norway
Amot,Norway
Andebu,Norway
Andoy,Norway
Ardal,Norway
Aremark,Norway
Arendal,Norway
As,Norway
Aseral,Norway
Asker,Norway
Askim,Norway
Askoy,Norway
Askvoll,Norway
Asnes,Norway
Audnedal,Norway
Aukra,Norway
Aure,Norway
Aurland,Norway
Aurskog-Holand,Norway
Austevoll,Norway
Austrheim,Norway
Averoy,Norway
Baerum,Norway
Balestrand,Norway
Ballangen,Norway
Balsfjord,Norway
Bamble,Norway
Bardu,Norway
Batsfjord,Norway
Beiarn,Norway
Berg,Norway
Bergen,Norway
Berlevag,Norway
Bindal,Norway
Birkenes,Norway
Bjarkoy,Norway
Bjerkreim,Norway
Bjugn,Norway
Bo (Nordland),Norway
Bo (Telemark),Norway
Bodo,Norway
Bokn,Norway
Bomlo,Norway
Bremanger,Norway
Bronnoy,Norway
Bygland,Norway
Bykle,Norway
Deatnu Tana,Norway
Donna,Norway
Dovre,Norway
Drammen,Norway
Drangedal,Norway
Dyroy,Norway
Eid,Norway
Eide,Norway
Eidfjord,Norway
Eidsberg,Norway
Eidskog,Norway
Eidsvoll,Norway
Eigersund,Norway
Elverum,Norway
Enebakk,Norway
Engerdal,Norway
Etne,Norway
Etnedal,Norway
Evenes,Norway
Evje Og Hornnes,Norway
Farsund,Norway
Fauske,Norway
Fedje,Norway
Fet,Norway
Finnoy,Norway
Fitjar,Norway
Fjaler,Norway
Fjell,Norway
Fla,Norway
Flakstad,Norway
Flatanger,Norway
Flekkefjord,Norway
Flesberg,Norway
Flora,Norway
Folldal,Norway
Forde,Norway
Forsand,Norway
Fosnes,Norway
Fraena,Norway
Fredrikstad,Norway
Frogn,Norway
Froland,Norway
Frosta,Norway
Froya,Norway
Fusa,Norway
Fyresdal,Norway
Gaivuotna-Kafjord,Norway
Gamvik,Norway
Gaular,Norway
Gausdal,Norway
Gildeskal,Norway
Giske,Norway
Gjemnes,Norway
Gjerdrum,Norway
Gjerstad,Norway
Gjesdal,Norway
Gjovik,Norway
Gloppen,Norway
Gol,Norway
Gran,Norway
Grane,Norway
Granvin,Norway
Gratangen,Norway
Grimstad,Norway
Grong,Norway
Grue,Norway
Gulen,Norway
Ha,Norway
Hadsel,Norway
Haegebostad,Norway
Halden,Norway
Halsa,Norway
Hamar,Norway
Hamaroy,Norway
Hammerfest,Norway
Haram,Norway
Hareid,Norway
Harstad,Norway
Hasvik,Norway
Hattfjelldal,Norway
Haugesund,Norway
Hemne,Norway
Hemnes,Norway
Hemsedal,Norway
Heroy (More Og Romsdal),Norway
Heroy (Nordland),Norway
Hitra,Norway
Hjartdal,Norway
Hjelmeland,Norway
Hobol,Norway
Hof,Norway
Hol,Norway
Hole,Norway
Holmestrand,Norway
Holtalen,Norway
Hornindal,Norway
Horten,Norway
Hoyanger,Norway
Hoylandet,Norway
Hurdal,Norway
Hurum,Norway
Hvaler,Norway
Hyllestad,Norway
Ibestad,Norway
Inderoy,Norway
Iveland,Norway
Jevnaker,Norway
Jolster,Norway
Jondal,Norway
Karasjok,Norway
Karlsoy,Norway
Karmoy,Norway
Kautokeino,Norway
Klaebu,Norway
Klepp,Norway
Kongsberg,Norway
Kongsvinger,Norway
Kragero,Norway
Kristiansand (Vest-Agder),Norway
Kristiansund (More Og Romsdal),Norway
Krodsherad,Norway
Kvaefjord,Norway
Kvaenangen,Norway
Kvalsund,Norway
Kvam,Norway
Kvinesdal,Norway
Kvinnherad,Norway
Kviteseid,Norway
Kvitsoy,Norway
Laerdal,Norway
Lardal,Norway
Larvik,Norway
Lavangen,Norway
Lebesby,Norway
Leikanger,Norway
Leirfjord,Norway
Leka,Norway
Leksvik,Norway
Lenvik,Norway
Lesja,Norway
Levanger,Norway
Lier,Norway
Lierne,Norway
Lillehammer,Norway
Lillesand,Norway
Lindas,Norway
Lindesnes,Norway
Lodingen,Norway
Lom,Norway
Loppa,Norway
Lorenskog,Norway
Loten,Norway
Lund,Norway
Lunner,Norway
Luroy,Norway
Luster,Norway
Lyngdal,Norway
Lyngen,Norway
Malselv,Norway
Malvik,Norway
Mandal,Norway
Marker,Norway
Marnardal,Norway
Masfjorden,Norway
Masoy,Norway
Meland,Norway
Meldal,Norway
Melhus,Norway
Meloy,Norway
Meraker,Norway
Midsund,Norway
Midtre Gauldal,Norway
Modalen,Norway
Modum,Norway
Molde,Norway
Moskenes,Norway
Moss,Norway
Naeroy,Norway
Namdalseid,Norway
Namsos,Norway
Namsskogan,Norway
Nannestad,Norway
Narvik,Norway
Naustdal,Norway
Nedre Eiker,Norway
Nes (Akershus),Norway
Nes (Buskerud),Norway
Nesna,Norway
Nesodden,Norway
Nesset,Norway
Nissedal,Norway
Nittedal,Norway
Nome,Norway
Nord-Aurdal,Norway
Norddal,Norway
Nord-Fron,Norway
Nordkapp,Norway
Nord-Odal,Norway
Nordre Land,Norway
Nordreisa,Norway
Nore Og Uvdal,Norway
Notodden,Norway
Notteroy,Norway
Odda,Norway
Oksnes,Norway
Oppdal,Norway
Oppegard,Norway
Orkdal,Norway
Orland,Norway
Orskog,Norway
Orsta,Norway
Os (Hedmark),Norway
Os (Hordaland),Norway
Osen,Norway
Oslo,Norway
Osteroy,Norway
Ostre Toten,Norway
Overhalla,Norway
Ovre Eiker,Norway
Oyer,Norway
Oygarden,Norway
Oystre Slidre,Norway
Porsanger,Norway
Porsgrunn,Norway
Rade,Norway
Radoy,Norway
Raelingen,Norway
Rakkestad,Norway
Rana,Norway
Randaberg,Norway
Rauma,Norway
Re,Norway
Rendalen,Norway
Rennebu,Norway
Rennesoy,Norway
Rindal,Norway
Ringebu,Norway
Ringerike,Norway
Ringsaker,Norway
Risor,Norway
Rissa,Norway
Roan,Norway
Rodoy,Norway
Rollag,Norway
Romskog,Norway
Roros,Norway
Rost,Norway
Royken,Norway
Royrvik,Norway
Rygge,Norway
Salangen,Norway
Saltdal,Norway
Samnanger,Norway
Sande (More Og Romsdal),Norway
Sande (Vestfold),Norway
Sandefjord,Norway
Sandnes,Norway
Sandoy,Norway
Sarpsborg,Norway
Sauda,Norway
Sauherad,Norway
Sel,Norway
Selbu,Norway
Selje,Norway
Seljord,Norway
Sigdal,Norway
Siljan,Norway
Sirdal,Norway
Skanland,Norway
Skaun,Norway
Skedsmo,Norway
Ski,Norway
Skien,Norway
Skiptvet,Norway
Skjak,Norway
Skjervoy,Norway
Skodje,Norway
Smola,Norway
Snasa,Norway
Snillfjord,Norway
Sogndal,Norway
Sogne,Norway
Sokndal,Norway
Sola,Norway
Solund,Norway
Somna,Norway
Sondre Land,Norway
Songdalen,Norway
Sor-Aurdal,Norway
Sorfold,Norway
Sor-Fron,Norway
Sor-Odal,Norway
Sorreisa,Norway
Sortland,Norway
Sorum,Norway
Sor-Varanger,Norway
Spydeberg,Norway
Stange,Norway
Stavanger,Norway
Steigen,Norway
Steinkjer,Norway
Stjordal,Norway
Stokke,Norway
Stord,Norway
Stordal,Norway
Stor-Elvdal,Norway
Storfjord,Norway
Strand,Norway
Stranda,Norway
Stryn,Norway
Sula,Norway
Suldal,Norway
Sund,Norway
Sunndal,Norway
Surnadal,Norway
Sveio,Norway
Svelvik,Norway
Sykkylven,Norway
Time,Norway
Tingvoll,Norway
Tinn,Norway
Tjeldsund,Norway
Tjome,Norway
Tokke,Norway
Tolga,Norway
Tonsberg,Norway
Torsken,Norway
Traena,Norway
Tranoy,Norway
Trogstad,Norway
Tromso,Norway
Trondheim,Norway
Trysil,Norway
Tvedestrand,Norway
Tydal,Norway
Tynset,Norway
Tysfjord,Norway
Tysnes,Norway
Tysvaer,Norway
Ullensaker,Norway
Ullensvang,Norway
Ulstein,Norway
Ulvik,Norway
Unjarga Nesseby,Norway
Utsira,Norway
Vadso,Norway
Vaeroy,Norway
Vaga,Norway
Vagan,Norway
Vagsoy,Norway
Vaksdal,Norway
Valer (Hedmark),Norway
Valer (Ostfold),Norway
Valle,Norway
Vang,Norway
Vanylven,Norway
Vardo,Norway
Vefsn,Norway
Vega,Norway
Vegarshei,Norway
Vennesla,Norway
Verdal,Norway
Verran,Norway
Vestby,Norway
Vestnes,Norway
Vestre Slidre,Norway
Vestre Toten,Norway
Vestvagoy,Norway
Vevelstad,Norway
Vik,Norway
Vikna,Norway
Vindafjord,Norway
Vinje,Norway
Volda,Norway
Voss,Norway
Central Russia,Russian Federation
Crimean Russia,Russian Federation
Far Eastern Russia,Russian Federation
North Caucasian Russia,Russian Federation
Northwestern Russia,Russian Federation
Siberian Russia,Russian Federation
Souther Russia,Russian Federation
Ural Russia,Russian Federation
Volga Russia,Russian Federation
"Angelia / Central, ENG",United Kingdom (Great Britain)
"Anglia / Longon, ENG",United Kingdom (Great Britain)
"Anglia / Yorkshire, ENG",United Kingdom (Great Britain)
"Anglia, ENG",United Kingdom (Great Britain)
"Anglia, ENG",United Kingdom (Great Britain)
"Belfast, NIR",United Kingdom (Great Britain)
"Border / Granada, ENG",United Kingdom (Great Britain)
"Border / Tyne Tees, ENG",United Kingdom (Great Britain)
"Border, ENG",United Kingdom (Great Britain)
"Border, ENG/SCT",United Kingdom (Great Britain)
"Central / Granada, ENG",United Kingdom (Great Britain)
"Central / London, ENG",United Kingdom (Great Britain)
"Central / Wales and West, ENG",United Kingdom (Great Britain)
"Central / Yorkshire, ENG",United Kingdom (Great Britain)
"Central, ENG",United Kingdom (Great Britain)
"Central, ENG",United Kingdom (Great Britain)
"Central, SCT",United Kingdom (Great Britain)
"Central, SCT",United Kingdom (Great Britain)
"Granada / Wales and West, ENG",United Kingdom (Great Britain)
"Granada / Yorkshire, ENG",United Kingdom (Great Britain)
"Granada, ENG",United Kingdom (Great Britain)
"Granada, ENG",United Kingdom (Great Britain)
"London / Meridian, ENG",United Kingdom (Great Britain)
"London, ENG",United Kingdom (Great Britain)
"London, ENG",United Kingdom (Great Britain)
"London, ENG",United Kingdom (Great Britain)
"Meridian / Wales and West, WLS",United Kingdom (Great Britain)
"Meridian / Westcountry, ENG",United Kingdom (Great Britain)
"Meridian, ENG",United Kingdom (Great Britain)
"Meridian, ENG",United Kingdom (Great Britain)
"North Ireland, NIR",United Kingdom (Great Britain)
"North Scotland, SCT",United Kingdom (Great Britain)
"North, SCT",United Kingdom (Great Britain)
"South, ScCT",United Kingdom (Great Britain)
"Tyne Tees / Yorkshire, ENG",United Kingdom (Great Britain)
"Tyne Tees, ENG",United Kingdom (Great Britain)
"Tyne Tees, ENG",United Kingdom (Great Britain)
"Wales / West Wales, WLS",United Kingdom (Great Britain)
"Wales and West / Westcountry, WLS",United Kingdom (Great Britain)
"Wales, WLS",United Kingdom (Great Britain)
"West Country, ENG",United Kingdom (Great Britain)
"West, ENG",United Kingdom (Great Britain)
"Westcountry, ENG",United Kingdom (Great Britain)
"Yorkshire, ENG",United Kingdom (Great Britain)
"Yorkshire, ENG",United Kingdom (Great Britain)
"Abilene / Sweetwater, TX",United States
"Albany / Schenectady / Troy, NY",United States
"Albany, GA",United States
"Albuquerque / Santa Fe, NM",United States
"Alexandria, LA",United States
"Alpena, MI",United States
"Amarillo, TX",United States
"Anchorage, AK",United States
"Atlanta, GA",United States
"Augusta, GA / Aiken, SC",United States
"Austin, TX",United States
"Bakersfield, CA",United States
"Baltimore, MD",United States
"Bangor, ME",United States
"Baton Rouge, LA",United States
"Beaumont / Port Arthur, TX",United States
"Bend, OR",United States
"Billings, MT",United States
"Biloxi / Gulfport, MS",United States
"Binghamton, NY",United States
"Birmingham, AL",United States
"Bluefield / Beckley / Oak Hill, WV",United States
"Boise, ID",United States
"Boston, MA / Manchester, NH",United States
"Bowling Green, KY",United States
"Buffalo, NY",United States
"Burlington, VT / Plattsburgh, NY",United States
"Butte / Bozeman, MT",United States
"Casper / Riverton, WY",United States
"Cedar Rapids / Waterloo, IA",United States
"Champaign / Springfield / Decatur, IL",United States
"Charleston / Huntington, WV",United States
"Charleston, SC",United States
"Charlotte, SC",United States
"Charlottesville, VA",United States
"Chattanooga, TN",United States
"Cheyenne, WY / Scottsbluff, NE",United States
"Chicago, IL",United States
"Chico / Redding, CA",United States
"Cincinnati, OH",United States
"Clarksburg / Weston, WV",United States
"Cleaveland / Akron / Canton, OH",United States
"Colorado Springs / Pueblo, CO",United States
"Columbia / Jefferson City, MO",United States
"Columbia, SC",United States
"Columbus / Tupelo / Houston, MS / West Point, AL",United States
"Columbus, GA / Opelika, AL",United States
"Columbus, OH",United States
"Corpus Christi, TX",United States
"Dallas / Fort Worth, TX",United States
"Davenport, IA / Rock Island / Moline, IL",United States
"Dayton, OH",United States
"Denver, CO",United States
"Des Moines / Ames, IA",United States
"Detroit, MI",United States
"Dothan, AL",United States
"Duluth, MN / Superior, WI",United States
"El Paso, TX / Las Cruces, NM",United States
"Elmira / Corning, NY",United States
"Erie, PA",United States
"Eugene, OR",United States
"Eureka, CA",United States
"Evansville, IN",United States
"Fairbanks, AK",United States
"Fargo / Valley City, ND",United States
"Flint / Saginaw / Bay City, MI",United States
"Fort Myers / Naples, FL",United States
"Fort Smith / Fayetteville / Springdale / Rogers, AR ",United States
"Fort Wayne, IN",United States
"Fresno / Visalia, CA",United States
"Gainesville, FL",United States
"Gelndive, MT",United States
"Grand Juntion / Montrose, CO",United States
"Grand Rapids / Kalamazoo / Battle Creek, MI",United States
"Great Falls, MT",United States
"Green Bay / Appleton, WI",United States
"Greensboro / High Point / West Salem, NC",United States
"Greenville / New Bern / Washington, NC",United States
"Greenville / Spartanburg, SC / Asheville, NC",United States
"Greenwood / Greenville, MS",United States
"Harlingen / Weslaco / Brownsville / McAllen, TX",United States
"Harrisburg / Lancaster / Lebanon / York, PA ",United States
"Harrisonburg, VA",United States
"Hartford / New Haven, CT",United States
"Hattiesburg / Laurel, MS",United States
"Helena, MT",United States
"Honolulu, HI",United States
"Houston, TX",United States
"Huntsville / Florence, AL / Decatur, GA",United States
"Idahoe Falls / Pocatello, ID / Jackson, WY",United States
"Indianapolis, IN",United States
"Jackson, MS",United States
"Jackson, TN",United States
"Jacksonville, FL",United States
"Johnstown / Altoona / State College, PA",United States
"Jonesboro, AR",United States
"Joplin, MO / Pittsburg, KS ",United States
"Juneau, AK",United States
"Kansas City, MO",United States
"Knoxville, TN",United States
"La Crosse / Eau Claire, WI",United States
"Lafayette, IN",United States
"Lafayette, LA",United States
"Lake Charles, LA",United States
"Lansing, MI",United States
"Laredo, TX",United States
"Las Vegas, NV",United States
"Lexington, KY",United States
"Lima, OH",United States
"Lincoln / Hastings / Kearney, NE",United States
"Little Rock / Pine Bluff, AR",United States
"Los Angeles, CA",United States
"Louisville, KY",United States
"Lubbock, TX",United States
"Macon, GA",United States
"Madison, WI",United States
"Mankato, MN",United States
"Marquette, MI",United States
"Medford / Klamath Falls, OR",United States
"Memphis, TN",United States
"Meridian, MS",United States
"Miami / Fort Lauderdale, FL",United States
"Milwaukee, WI",United States
"Minneapolis / St. Paul, MN",United States
"Minot / Bismarck / Dickinson / Williston, ND",United States
"Missoula, MT",United States
"Mobile, AL / Pensacola / Fort Walton, FL",United States
"Monroe, LA / El Dorado, AR",United States
"Monterey / Salinas, CA",United States
"Montgomery / Selma, AL",United States
"Myrtle Beach / Florence, SC",United States
"Nashille, TN",United States
"New Orleans, LA",United States
"New York Metropolitan Area, NY",United States
"Norfolk / Portsmouth / Newport News, VA",United States
"North Platte, NE",United States
"Odessa / Midland, TX",United States
"Oklahoma City, OK",United States
"Omaha, NE",United States
"Orlando / Daytona Beach / Melborn, FL",United States
"Ottumwa, IA / Kirksville, MO",United States
"Paducah, KY / Cape Girardeau, MO / Harrisburg, TN",United States
"Palm Springs, CA",United States
"Panama City, FL",United States
"Parkersburg, WV",United States
"Peoria / Bloomington, IL",United States
"Philadelphia, PA",United States
"Phoenix / Prescott, AZ",United States
"Pittsburgh, PA",United States
"Portland, ME / Auburn, NH",United States
"Portland, OR",United States
"Presque Isle, ME",United States
"Providence, RI / New Bedford, MA",United States
"Quincy, IL / Hannibal, MO / Keokuk, IA",United States
"Raleigh / Durham / Fayetteville, NC",United States
"Rapid City, SD",United States
"Reno, NV",United States
"Richmond / Petersburg, VA",United States
"Roanoke / Lynchburg, VA",United States
"Rochester / Austin, MN / Mason City, IA ",United States
"Rochester, NY",United States
"Rockford, IL",United States
"Sacramento / Stockton / Modesto, CA",United States
"Salisbury, MD",United States
"Salt Lake City, UT",United States
"San Angelo, TX",United States
"San Antonio, TX",United States
"San Diego, CA",United States
"San Francisco / Oakland / San Jose, CA",United States
"Santa Barbara / San Marino / San Luis Obispo, CA",United States
"Savannah, GA",United States
"Seattle / Tacoma, WA",United States
"Sherman, TX / Ada, OK",United States
"Shreveport, LA",United States
"Sioux City, IA",United States
"Sioux Falls / Mitchell, SD",United States
"South Bend / Elkhart, IN",United States
"Spokane, WA",United States
"Springfield / Holyoke, MA",United States
"Springfield, MO",United States
"St. Joseph, MO",United States
"St. Louis, MO",United States
"Syracuse, NY",United States
"Tallahassee, FL / Thomasville, GA",United States
"Tampa / St. Pete / Sarasota, FL",United States
"Terre Haute, IN",United States
"Toledo, OH",United States
"Topeka, KS",United States
"Traverse City / Cadillac, MI",United States
"Tri-Cities, TN/VA",United States
"Tucson / Sierra Vista, AZ",United States
"Tulsa, OK",United States
"Twin Falls, ID",United States
"Tyler / Longview, TX",United States
"Utica, NY",United States
"Victoria, TX",United States
"Waco / Temple / Bryan, TX",United States
"Washington, DC",United States
"Watertown, NY",United States
"Wausau / Rhinelander, WI",United States
"West Palm Beach / Fort Pierce, FL",United States
"Wheeling, WV / Steubenville, OH",United States
"Wichita / Hutchinson Plus, KS",United States
"Wichita Falls, TX / Lawton, OK",United States
"Wilkes Barre / Scranton / Hazleton, PA",United States
"Wilmington, NC",United States
"Yakima / Pasco / Richland / Kennewick, WA",United States
"Youngstown, OH",United States
"Yuma, AZ / El Centro, CA",United States
"Zanesville, OH",United States
