Tmpl_LP_Trunk_ELQ_Main,https://10.41.1.187:8080/
Tmpl_LP_Trunk_MKTO_Main,https://10.41.1.187:8080/
Tmpl_LP_Trunk_SFDC_Main,https://10.41.1.187:8080/
Tmpl_LP_02-00-02_ELQ_Main,https://10.41.1.187:8080/
Tmpl_LP_02-00-02_MKTO_Main,https://10.41.1.187:8080/
Tmpl_LP_02-00-02_SFDC_Main,https://10.41.1.187:8080/
Tmpl_LP_02-00-01_ELQ_Main,https://10.41.1.187:8080/
Tmpl_LP_02-00-01_MKTO_Main,https://10.41.1.187:8080/
Tmpl_LP_02-00-01_SFDC_Main,https://10.41.1.187:8080/
Alteryx_SFDC,https://data-pls2.prod.lattice.local/dataloader/
Dell_SFDC,https://data-pls2.prod.lattice.local/dataloader/
Dell_SFDC_Refresh,https://data-pls2.prod.lattice.local/dataloader/
Mulesoft_Relaunch,https://data-pls2.prod.lattice.local/dataloader/
Mulesoft_Relaunch2,https://data-pls2.prod.lattice.local/dataloader/
Qlik_Relaunch,https://data-pls2.prod.lattice.local/dataloader/
Qlik_Relaunch2,https://data-pls2.prod.lattice.local/dataloader/
2Checkout_LP_SFDC,https://data-pls.lattice-engines.com/Dataloader_PLS/
Adobe_Sandbox2,https://data-pls.lattice-engines.com/Dataloader_PLS/
Alteryx_PD,https://data-pls.lattice-engines.com/Dataloader_PLS/
Alteryx_SFDC,https://data-pls.lattice-engines.com/Dataloader_PLS/
Alteryx_SFDC_2,https://data-pls.lattice-engines.com/Dataloader_PLS/
AWS_PD_FIT,https://data-pls.lattice-engines.com/Dataloader_PLS/
BazaarvoiceLP,https://data-pls.lattice-engines.com/Dataloader_PLS/
ben_tenant_1,https://data-pls.lattice-engines.com/Dataloader_PLS/
CA_FIT,https://data-pls.lattice-engines.com/Dataloader_PLS/
Calamos_LP,https://data-pls.lattice-engines.com/Dataloader_PLS/
DataCloudForecast_PLS134,https://data-pls.lattice-engines.com/Dataloader_PLS/
Demo_FIT,https://data-pls.lattice-engines.com/Dataloader_PLS/
DropBox_FIT,https://data-pls.lattice-engines.com/Dataloader_PLS/
Dropbox_PD_FIT,https://data-pls.lattice-engines.com/Dataloader_PLS/
FireEye_FIT,https://data-pls.lattice-engines.com/Dataloader_PLS/
FlatFilePOC_2,https://data-pls.lattice-engines.com/Dataloader_PLS/
FlatFilePOC_3,https://data-pls.lattice-engines.com/Dataloader_PLS/
FlatFilePOC_4,https://data-pls.lattice-engines.com/Dataloader_PLS/
FlatFilePOC_Copy,https://data-pls.lattice-engines.com/Dataloader_PLS/
GoodData,https://data-pls.lattice-engines.com/Dataloader_PLS/
GoodTechnology,https://data-pls.lattice-engines.com/Dataloader_PLS/
Grovo_POC,https://data-pls.lattice-engines.com/Dataloader_PLS/
ht_test_tenant,https://data-pls.lattice-engines.com/Dataloader_PLS/
Informatica_FIT,https://data-pls.lattice-engines.com/Dataloader_PLS/
Int_MKTO_AEC_MultModCfg_1,https://data-pls.lattice-engines.com/Dataloader_PLS/
Internal_LP_ELQ_134_200_2,https://data-pls.lattice-engines.com/Dataloader_PLS/
Internal_LP_ELQ_200_210_1,https://data-pls.lattice-engines.com/Dataloader_PLS/
Internal_LP_MKTO_200_210_1,https://data-pls.lattice-engines.com/Dataloader_PLS/
Lattice_Relaunch,https://data-pls.lattice-engines.com/Dataloader_PLS/
Lattice3_SFDC,https://data-pls.lattice-engines.com/Dataloader_PLS/
LeadMD_PLS,https://data-pls.lattice-engines.com/Dataloader_PLS/
LeanKit,https://data-pls.lattice-engines.com/Dataloader_PLS/
Level3_POC_FIT,https://data-pls.lattice-engines.com/Dataloader_PLS/
LogRhythm_POC,https://data-pls.lattice-engines.com/Dataloader_PLS/
lp_test1,https://data-pls.lattice-engines.com/Dataloader_PLS/
Malwarebytes,https://data-pls.lattice-engines.com/Dataloader_PLS/
Malwarebytes_POC,https://data-pls.lattice-engines.com/Dataloader_PLS/
MapR_PLS132,https://data-pls.lattice-engines.com/Dataloader_PLS/
McAfee_PLS_LargeVolumn,https://data-pls.lattice-engines.com/Dataloader_PLS/
McAfee_PLS132,https://data-pls.lattice-engines.com/Dataloader_PLS/
McGrawHill_PLS132,https://data-pls.lattice-engines.com/Dataloader_PLS/
MobileIron_POC,https://data-pls.lattice-engines.com/Dataloader_PLS/
Mulesoft_MKTO,https://data-pls.lattice-engines.com/Dataloader_PLS/
Mulesoft_Relaunch_Manual,https://data-pls.lattice-engines.com/Dataloader_PLS/
Mulesoft_SFDC,https://data-pls.lattice-engines.com/Dataloader_PLS/
Nutanix_PLS132,https://data-pls.lattice-engines.com/Dataloader_PLS/
OfficeDepot_PLS132,https://data-pls.lattice-engines.com/Dataloader_PLS/
Okta_PLS,https://data-pls.lattice-engines.com/Dataloader_PLS/
Okta_SFDC,https://data-pls.lattice-engines.com/Dataloader_PLS/
OpenDNS,https://data-pls.lattice-engines.com/Dataloader_PLS/
OpenDNS_Marketo,https://data-pls.lattice-engines.com/Dataloader_PLS/
PenetrationTest_LPA,https://data-pls.lattice-engines.com/Dataloader_PLS/
PeopleFluent_PLS,https://data-pls.lattice-engines.com/Dataloader_PLS/
ProdTest_212_To_22_ELQ,https://data-pls.lattice-engines.com/Dataloader_PLS/
ProdTest_212_To_22_MKTO,https://data-pls.lattice-engines.com/Dataloader_PLS/
ProdTest_212_To_22_SFDC,https://data-pls.lattice-engines.com/Dataloader_PLS/
ProductionTestPLSTenant1,https://data-pls.lattice-engines.com/Dataloader_PLS/
ProductionTestPLSTenant2,https://data-pls.lattice-engines.com/Dataloader_PLS/
Qlik_Activity,https://data-pls.lattice-engines.com/Dataloader_PLS/
Riverbed_Relaunch,https://data-pls.lattice-engines.com/Dataloader_PLS/
RubrikPD,https://data-pls.lattice-engines.com/Dataloader_PLS/
SeagateLPA,https://data-pls.lattice-engines.com/Dataloader_PLS/
SkillSurvey,https://data-pls.lattice-engines.com/Dataloader_PLS/
Test_24hr_SFDC,https://data-pls.lattice-engines.com/Dataloader_PLS/
Tintri_LP,https://data-pls.lattice-engines.com/Dataloader_PLS/
Unitrends,https://data-pls.lattice-engines.com/Dataloader_PLS/
Veracode,https://data-pls.lattice-engines.com/Dataloader_PLS/
Verify2015,https://data-pls.lattice-engines.com/Dataloader_PLS/
Wordstream3,https://data-pls.lattice-engines.com/Dataloader_PLS/
YP_LLP,https://data-pls.lattice-engines.com/Dataloader_PLS/
YP_SFDC,https://data-pls.lattice-engines.com/Dataloader_PLS/
2Checkout_relaunch,https://dataloader-prod.lattice-engines.com/DataLoader_PLS/
AccountScoringTemplate,https://dataloader-prod.lattice-engines.com/DataLoader_PLS/
Alfresco_PLS132,https://dataloader-prod.lattice-engines.com/DataLoader_PLS/
Alfresco_SFDC,https://dataloader-prod.lattice-engines.com/DataLoader_PLS/
AWS_PLS,https://dataloader-prod.lattice-engines.com/DataLoader_PLS/
Bazaarvoice,https://dataloader-prod.lattice-engines.com/DataLoader_PLS/
Bronto_PLS132,https://dataloader-prod.lattice-engines.com/DataLoader_PLS/
CA_PLS_132,https://dataloader-prod.lattice-engines.com/DataLoader_PLS/
CA_Predictive_Lead_Scoring,https://dataloader-prod.lattice-engines.com/DataLoader_PLS/
CDW_PLS,https://dataloader-prod.lattice-engines.com/DataLoader_PLS/
Cision_PLS,https://dataloader-prod.lattice-engines.com/DataLoader_PLS/
Cision_PRODV2,https://dataloader-prod.lattice-engines.com/DataLoader_PLS/
CisionLPA2,https://dataloader-prod.lattice-engines.com/DataLoader_PLS/
Citrix_SFDC_trial_SC_GTA,https://dataloader-prod.lattice-engines.com/DataLoader_PLS/
Citrix_SFDC_trial_scoring,https://dataloader-prod.lattice-engines.com/DataLoader_PLS/
CitrixSaas_PLS2,https://dataloader-prod.lattice-engines.com/DataLoader_PLS/
Clio_PLS134,https://dataloader-prod.lattice-engines.com/DataLoader_PLS/
Coverity_PLS132,https://dataloader-prod.lattice-engines.com/DataLoader_PLS/
DataScience,https://dataloader-prod.lattice-engines.com/DataLoader_PLS/
Dell_PLS,https://dataloader-prod.lattice-engines.com/DataLoader_PLS/
DellAPJ_PLS,https://dataloader-prod.lattice-engines.com/DataLoader_PLS/
DELLMMAPJ_FastForrest,https://dataloader-prod.lattice-engines.com/DataLoader_PLS/
Demandbase_PLS134,https://dataloader-prod.lattice-engines.com/DataLoader_PLS/
DemoCustomer,https://dataloader-prod.lattice-engines.com/DataLoader_PLS/
Dice,https://dataloader-prod.lattice-engines.com/DataLoader_PLS/
Dice_InactiveAccounts,https://dataloader-prod.lattice-engines.com/DataLoader_PLS/
Docusign_PLS132,https://dataloader-prod.lattice-engines.com/DataLoader_PLS/
DocuSign_PLSV2,https://dataloader-prod.lattice-engines.com/DataLoader_PLS/
DocuSign_PLSV3,https://dataloader-prod.lattice-engines.com/DataLoader_PLS/
DocusignEMEA_PLS,https://dataloader-prod.lattice-engines.com/DataLoader_PLS/
DocusignRealEstate_PLS,https://dataloader-prod.lattice-engines.com/DataLoader_PLS/
DocusignRealEstate_PLS132,https://dataloader-prod.lattice-engines.com/DataLoader_PLS/
DocusignRealEstate_PLSV2,https://dataloader-prod.lattice-engines.com/DataLoader_PLS/
Dropbox_PLSV2,https://dataloader-prod.lattice-engines.com/DataLoader_PLS/
Endicia_PLS_Relaunched,https://dataloader-prod.lattice-engines.com/DataLoader_PLS/
F5_PLS3,https://dataloader-prod.lattice-engines.com/DataLoader_PLS/
FireEye,https://dataloader-prod.lattice-engines.com/DataLoader_PLS/
FireEye_PLS132,https://dataloader-prod.lattice-engines.com/DataLoader_PLS/
FlatFilePOC,https://dataloader-prod.lattice-engines.com/DataLoader_PLS/
fmeng_test_tenant_5,https://dataloader-prod.lattice-engines.com/DataLoader_PLS/
haitao_test_tenant30,https://dataloader-prod.lattice-engines.com/DataLoader_PLS/
Hirevue_Relaunch,https://dataloader-prod.lattice-engines.com/DataLoader_PLS/
HootSuite_PLS132,https://dataloader-prod.lattice-engines.com/DataLoader_PLS/
Informatica_Cloud,https://dataloader-prod.lattice-engines.com/DataLoader_PLS/
Informatica_PLS134,https://dataloader-prod.lattice-engines.com/DataLoader_PLS/
Internal_LP_ELQ_200_210_2,https://dataloader-prod.lattice-engines.com/DataLoader_PLS/
Internal_LP_ELQ_220_1,https://dataloader-prod.lattice-engines.com/DataLoader_PLS/
Internal_LP_MKTO_134_200_2,https://dataloader-prod.lattice-engines.com/DataLoader_PLS/
Internal_LP_MKTO_200_210_2,https://dataloader-prod.lattice-engines.com/DataLoader_PLS/
IronMountain_NetNew,https://dataloader-prod.lattice-engines.com/DataLoader_PLS/
LeadInsightsDemo,https://dataloader-prod.lattice-engines.com/DataLoader_PLS/
Marketo_Demo2,https://dataloader-prod.lattice-engines.com/DataLoader_PLS/
MyriadSupply_PLS,https://dataloader-prod.lattice-engines.com/DataLoader_PLS/
NGINX_PLS,https://dataloader-prod.lattice-engines.com/DataLoader_PLS/
OraclePOC_PLS134,https://dataloader-prod.lattice-engines.com/DataLoader_PLS/
Paypal_PLS132,https://dataloader-prod.lattice-engines.com/DataLoader_PLS/
PenetrationTest_PLS,https://dataloader-prod.lattice-engines.com/DataLoader_PLS/
PenTestPLS2,https://dataloader-prod.lattice-engines.com/DataLoader_PLS/
PSReporting,https://dataloader-prod.lattice-engines.com/DataLoader_PLS/
Purestorage_AccountScoring,https://dataloader-prod.lattice-engines.com/DataLoader_PLS/
PureStorage_Relaunch,https://dataloader-prod.lattice-engines.com/DataLoader_PLS/
Qlik,https://dataloader-prod.lattice-engines.com/DataLoader_PLS/
SLISystems_Relaunch,https://dataloader-prod.lattice-engines.com/DataLoader_PLS/
Solidfire_New,https://dataloader-prod.lattice-engines.com/DataLoader_PLS/
Spiceworks_PLS132,https://dataloader-prod.lattice-engines.com/DataLoader_PLS/
Symantec_PLS,https://dataloader-prod.lattice-engines.com/DataLoader_PLS/
Tintri_PLS132,https://dataloader-prod.lattice-engines.com/DataLoader_PLS/
TRTA_PLS133,https://dataloader-prod.lattice-engines.com/DataLoader_PLS/
UPS,https://dataloader-prod.lattice-engines.com/DataLoader_PLS/
Verify2015,https://dataloader-prod.lattice-engines.com/DataLoader_PLS/
YP,https://dataloader-prod.lattice-engines.com/DataLoader_PLS/